img1003.jpg,img1003.txt
img1005.jpg,img1005.txt
img1006.jpg,img1006.txt
img1008.jpg,img1008.txt
img1011.jpg,img1011.txt
img1012.jpg,img1012.txt
img1017.jpg,img1017.txt
img1018.jpg,img1018.txt
img1020.jpg,img1020.txt
img1022.jpg,img1022.txt
img1028.jpg,img1028.txt
img1029.jpg,img1029.txt
img1030.jpg,img1030.txt
img1032.jpg,img1032.txt
img1033.jpg,img1033.txt
img1035.jpg,img1035.txt
img1055.jpg,img1055.txt
img1056.jpg,img1056.txt
img1057.jpg,img1057.txt
img1068.jpg,img1068.txt
img1069.jpg,img1069.txt
img1070.jpg,img1070.txt
img1071.jpg,img1071.txt
img1072.jpg,img1072.txt
img1073.jpg,img1073.txt
img1074.jpg,img1074.txt
img1075.jpg,img1075.txt
img1076.jpg,img1076.txt
img1077.jpg,img1077.txt
img1078.jpg,img1078.txt
img1079.jpg,img1079.txt
img1081.jpg,img1081.txt
img1082.jpg,img1082.txt
img1083.jpg,img1083.txt
img1084.jpg,img1084.txt
img1096.jpg,img1096.txt
img1098.jpg,img1098.txt
img1099.jpg,img1099.txt
img1100.jpg,img1100.txt
img1101.jpg,img1101.txt
img1102.jpg,img1102.txt
img1103.jpg,img1103.txt
img1104.jpg,img1104.txt
img1105.jpg,img1105.txt
img1106.jpg,img1106.txt
img1107.jpg,img1107.txt
img1108.jpg,img1108.txt
img1110.jpg,img1110.txt
img1111.jpg,img1111.txt
img1112.jpg,img1112.txt
img1113.jpg,img1113.txt
img1115.jpg,img1115.txt
img1117.jpg,img1117.txt
img1118.jpg,img1118.txt
img1119.jpg,img1119.txt
img1120.jpg,img1120.txt
img1122.jpg,img1122.txt
img1123.jpg,img1123.txt
img1124.jpg,img1124.txt
img1127.jpg,img1127.txt
img1128.jpg,img1128.txt
img1129.jpg,img1129.txt
img1130.jpg,img1130.txt
img1131.jpg,img1131.txt
img1132.jpg,img1132.txt
img1133.jpg,img1133.txt
img1134.jpg,img1134.txt
img1135.jpg,img1135.txt
img1136.jpg,img1136.txt
img1138.jpg,img1138.txt
img1139.jpg,img1139.txt
img1140.jpg,img1140.txt
img1141.jpg,img1141.txt
img1142.jpg,img1142.txt
img1144.jpg,img1144.txt
img1145.jpg,img1145.txt
img1146.jpg,img1146.txt
img1147.jpg,img1147.txt
img1148.jpg,img1148.txt
img1149.jpg,img1149.txt
img1150.jpg,img1150.txt
img1151.jpg,img1151.txt
img1152.jpg,img1152.txt
img1153.jpg,img1153.txt
img1154.jpg,img1154.txt
img1155.jpg,img1155.txt
img1156.jpg,img1156.txt
img1157.jpg,img1157.txt
img1159.jpg,img1159.txt
img1160.jpg,img1160.txt
img1161.jpg,img1161.txt
img1162.jpg,img1162.txt
img1163.jpg,img1163.txt
img1164.jpg,img1164.txt
img1165.jpg,img1165.txt
img1167.jpg,img1167.txt
img1168.jpg,img1168.txt
img1171.jpg,img1171.txt
img1180.jpg,img1180.txt
img1181.jpg,img1181.txt
img1182.jpg,img1182.txt
img1184.jpg,img1184.txt
img1185.jpg,img1185.txt
img1186.jpg,img1186.txt
img1192.jpg,img1192.txt
img1193.jpg,img1193.txt
img1194.jpg,img1194.txt
img1195.jpg,img1195.txt
img1196.jpg,img1196.txt
img1197.jpg,img1197.txt
img1198.jpg,img1198.txt
img1199.jpg,img1199.txt
img1201.jpg,img1201.txt
img1202.jpg,img1202.txt
img1203.jpg,img1203.txt
img1204.jpg,img1204.txt
img1205.jpg,img1205.txt
img1206.jpg,img1206.txt
img1207.jpg,img1207.txt
img1209.jpg,img1209.txt
img1210.jpg,img1210.txt
img1221.jpg,img1221.txt
img1223.jpg,img1223.txt
img1224.jpg,img1224.txt
img1228.jpg,img1228.txt
img1229.jpg,img1229.txt
img1230.jpg,img1230.txt
img1231.jpg,img1231.txt
img1233.jpg,img1233.txt
img1234.jpg,img1234.txt
img1235.jpg,img1235.txt
img1236.jpg,img1236.txt
img1238.jpg,img1238.txt
img1239.jpg,img1239.txt
img1240.jpg,img1240.txt
img1257.jpg,img1257.txt
img1258.jpg,img1258.txt
img1261.jpg,img1261.txt
img1262.jpg,img1262.txt
img1263.jpg,img1263.txt
img1264.jpg,img1264.txt
img1265.jpg,img1265.txt
img1276.jpg,img1276.txt
img1277.jpg,img1277.txt
img1278.jpg,img1278.txt
img1279.jpg,img1279.txt
img1280.jpg,img1280.txt
img1282.jpg,img1282.txt
img1283.jpg,img1283.txt
img1284.jpg,img1284.txt
img1289.jpg,img1289.txt
img1290.jpg,img1290.txt
img1291.jpg,img1291.txt
img1292.jpg,img1292.txt
img1293.jpg,img1293.txt
img1294.jpg,img1294.txt
img1295.jpg,img1295.txt
img1296.jpg,img1296.txt
img1297.jpg,img1297.txt
img1298.jpg,img1298.txt
img1300.jpg,img1300.txt
img1303.jpg,img1303.txt
img1304.jpg,img1304.txt
img1305.jpg,img1305.txt
img1306.jpg,img1306.txt
img1307.jpg,img1307.txt
img1308.jpg,img1308.txt
img1309.jpg,img1309.txt
img1312.jpg,img1312.txt
img1322.jpg,img1322.txt
img1323.jpg,img1323.txt
img1325.jpg,img1325.txt
img1326.jpg,img1326.txt
img1327.jpg,img1327.txt
img1338.jpg,img1338.txt
img1339.jpg,img1339.txt
img1341.jpg,img1341.txt
img1342.jpg,img1342.txt
img1352.jpg,img1352.txt
img1353.jpg,img1353.txt
img1354.jpg,img1354.txt
img1355.jpg,img1355.txt
img1356.jpg,img1356.txt
img1357.jpg,img1357.txt
img1358.jpg,img1358.txt
img1365.jpg,img1365.txt
img1366.jpg,img1366.txt
img1368.jpg,img1368.txt
img1369.jpg,img1369.txt
img1370.jpg,img1370.txt
img1378.jpg,img1378.txt
img1379.jpg,img1379.txt
img1380.jpg,img1380.txt
img1391.jpg,img1391.txt
img1392.jpg,img1392.txt
img1393.jpg,img1393.txt
img1394.jpg,img1394.txt
img1395.jpg,img1395.txt
img1396.jpg,img1396.txt
img1397.jpg,img1397.txt
img1403.jpg,img1403.txt
img1404.jpg,img1404.txt
img1406.jpg,img1406.txt
img1407.jpg,img1407.txt
img1412.jpg,img1412.txt
img1417.jpg,img1417.txt
img1420.jpg,img1420.txt
img1424.jpg,img1424.txt
img1427.jpg,img1427.txt
img1428.jpg,img1428.txt
img1429.jpg,img1429.txt
img1430.jpg,img1430.txt
img1441.jpg,img1441.txt
img1442.jpg,img1442.txt
img1443.jpg,img1443.txt
img1444.jpg,img1444.txt
img1445.jpg,img1445.txt
img1451.jpg,img1451.txt
img1452.jpg,img1452.txt
img1453.jpg,img1453.txt
img1454.jpg,img1454.txt
img1467.jpg,img1467.txt
img1468.jpg,img1468.txt
img1470.jpg,img1470.txt
img1471.jpg,img1471.txt
img1473.jpg,img1473.txt
img1474.jpg,img1474.txt
img663.jpg,img663.txt
img664.jpg,img664.txt
img666.jpg,img666.txt
img668.jpg,img668.txt
img669.jpg,img669.txt
img670.jpg,img670.txt
img671.jpg,img671.txt
img676.jpg,img676.txt
img678.jpg,img678.txt
img680.jpg,img680.txt
img682.jpg,img682.txt
img686.jpg,img686.txt
img687.jpg,img687.txt
img688.jpg,img688.txt
img692.jpg,img692.txt
img694.jpg,img694.txt
img695.jpg,img695.txt
img696.jpg,img696.txt
img697.jpg,img697.txt
img698.jpg,img698.txt
img699.jpg,img699.txt
img700.jpg,img700.txt
img701.jpg,img701.txt
img702.jpg,img702.txt
img705.jpg,img705.txt
img707.jpg,img707.txt
img726.jpg,img726.txt
img727.jpg,img727.txt
img728.jpg,img728.txt
img729.jpg,img729.txt
img731.jpg,img731.txt
img732.jpg,img732.txt
img733.jpg,img733.txt
img735.jpg,img735.txt
img737.jpg,img737.txt
img738.jpg,img738.txt
img741.jpg,img741.txt
img742.jpg,img742.txt
img744.jpg,img744.txt
img745.jpg,img745.txt
img747.jpg,img747.txt
img748.jpg,img748.txt
img749.jpg,img749.txt
img750.jpg,img750.txt
img752.jpg,img752.txt
img754.jpg,img754.txt
img755.jpg,img755.txt
img756.jpg,img756.txt
img757.jpg,img757.txt
img758.jpg,img758.txt
img759.jpg,img759.txt
img760.jpg,img760.txt
img761.jpg,img761.txt
img762.jpg,img762.txt
img763.jpg,img763.txt
img764.jpg,img764.txt
img765.jpg,img765.txt
img766.jpg,img766.txt
img767.jpg,img767.txt
img769.jpg,img769.txt
img770.jpg,img770.txt
img771.jpg,img771.txt
img772.jpg,img772.txt
img773.jpg,img773.txt
img774.jpg,img774.txt
img775.jpg,img775.txt
img776.jpg,img776.txt
img777.jpg,img777.txt
img778.jpg,img778.txt
img779.jpg,img779.txt
img780.jpg,img780.txt
img781.jpg,img781.txt
img782.jpg,img782.txt
img783.jpg,img783.txt
img784.jpg,img784.txt
img785.jpg,img785.txt
img786.jpg,img786.txt
img787.jpg,img787.txt
img788.jpg,img788.txt
img789.jpg,img789.txt
img791.jpg,img791.txt
img793.jpg,img793.txt
img794.jpg,img794.txt
img795.jpg,img795.txt
img796.jpg,img796.txt
img797.jpg,img797.txt
img825.jpg,img825.txt
img827.jpg,img827.txt
img829.jpg,img829.txt
img830.jpg,img830.txt
img831.jpg,img831.txt
img832.jpg,img832.txt
img833.jpg,img833.txt
img834.jpg,img834.txt
img835.jpg,img835.txt
img837.jpg,img837.txt
img847.jpg,img847.txt
img849.jpg,img849.txt
img850.jpg,img850.txt
img851.jpg,img851.txt
img852.jpg,img852.txt
img853.jpg,img853.txt
img855.jpg,img855.txt
img856.jpg,img856.txt
img858.jpg,img858.txt
img859.jpg,img859.txt
img860.jpg,img860.txt
img861.jpg,img861.txt
img862.jpg,img862.txt
img865.jpg,img865.txt
img866.jpg,img866.txt
img867.jpg,img867.txt
img868.jpg,img868.txt
img869.jpg,img869.txt
img870.jpg,img870.txt
img871.jpg,img871.txt
img872.jpg,img872.txt
img873.jpg,img873.txt
img874.jpg,img874.txt
img875.jpg,img875.txt
img877.jpg,img877.txt
img879.jpg,img879.txt
img880.jpg,img880.txt
img882.jpg,img882.txt
img884.jpg,img884.txt
img885.jpg,img885.txt
img897.jpg,img897.txt
img898.jpg,img898.txt
img899.jpg,img899.txt
img900.jpg,img900.txt
img901.jpg,img901.txt
img903.jpg,img903.txt
img904.jpg,img904.txt
img905.jpg,img905.txt
img906.jpg,img906.txt
img908.jpg,img908.txt
img909.jpg,img909.txt
img910.jpg,img910.txt
img911.jpg,img911.txt
img912.jpg,img912.txt
img913.jpg,img913.txt
img914.jpg,img914.txt
img915.jpg,img915.txt
img916.jpg,img916.txt
img918.jpg,img918.txt
img919.jpg,img919.txt
img920.jpg,img920.txt
img921.jpg,img921.txt
img922.jpg,img922.txt
img923.jpg,img923.txt
img924.jpg,img924.txt
img925.jpg,img925.txt
img926.jpg,img926.txt
img927.jpg,img927.txt
img928.jpg,img928.txt
img930.jpg,img930.txt
img931.jpg,img931.txt
img932.jpg,img932.txt
img933.jpg,img933.txt
img934.jpg,img934.txt
img935.jpg,img935.txt
img936.jpg,img936.txt
img937.jpg,img937.txt
img938.jpg,img938.txt
img939.jpg,img939.txt
img940.jpg,img940.txt
img941.jpg,img941.txt
img942.jpg,img942.txt
img943.jpg,img943.txt
img944.jpg,img944.txt
img945.jpg,img945.txt
img947.jpg,img947.txt
img948.jpg,img948.txt
img949.jpg,img949.txt
img950.jpg,img950.txt
img951.jpg,img951.txt
img952.jpg,img952.txt
img953.jpg,img953.txt
img954.jpg,img954.txt
img956.jpg,img956.txt
img958.jpg,img958.txt
img959.jpg,img959.txt
img960.jpg,img960.txt
img962.jpg,img962.txt
img963.jpg,img963.txt
img964.jpg,img964.txt
img966.jpg,img966.txt
img967.jpg,img967.txt
img968.jpg,img968.txt
img969.jpg,img969.txt
img970.jpg,img970.txt
img971.jpg,img971.txt
img972.jpg,img972.txt
img973.jpg,img973.txt
img974.jpg,img974.txt
