358328734_803061761411426_2816452225825545683_n.jpg,358328734_803061761411426_2816452225825545683_n.txt
frame136.jpg,frame136.txt
frame137.jpg,frame137.txt
frame143.jpg,frame143.txt
frame144.jpg,frame144.txt
frame158.jpg,frame158.txt
frame159.jpg,frame159.txt
frame17.jpg,frame17.txt
frame192.jpg,frame192.txt
frame199.jpg,frame199.txt
frame200.jpg,frame200.txt
frame205.jpg,frame205.txt
frame206.jpg,frame206.txt
frame207.jpg,frame207.txt
frame208.jpg,frame208.txt
frame209.jpg,frame209.txt
frame210.jpg,frame210.txt
frame242.jpg,frame242.txt
frame243.jpg,frame243.txt
frame244.jpg,frame244.txt
frame245.jpg,frame245.txt
frame250.jpg,frame250.txt
frame251.jpg,frame251.txt
frame252.jpg,frame252.txt
frame258.jpg,frame258.txt
frame261.jpg,frame261.txt
frame262.jpg,frame262.txt
frame263.jpg,frame263.txt
frame264.jpg,frame264.txt
frame267.jpg,frame267.txt
frame268.jpg,frame268.txt
frame29.jpg,frame29.txt
frame290.jpg,frame290.txt
frame297.jpg,frame297.txt
frame308.jpg,frame308.txt
frame32.jpg,frame32.txt
frame36.jpg,frame36.txt
frame37.jpg,frame37.txt
frame38.jpg,frame38.txt
frame39.jpg,frame39.txt
frame4.jpg,frame4.txt
frame40.jpg,frame40.txt
frame41.jpg,frame41.txt
frame425.jpg,frame425.txt
frame435.jpg,frame435.txt
frame436.jpg,frame436.txt
frame437.jpg,frame437.txt
frame438.jpg,frame438.txt
frame439.jpg,frame439.txt
frame440.jpg,frame440.txt
frame447.jpg,frame447.txt
frame448.jpg,frame448.txt
frame459.jpg,frame459.txt
frame460.jpg,frame460.txt
frame471.jpg,frame471.txt
frame472.jpg,frame472.txt
frame474.jpg,frame474.txt
frame476.jpg,frame476.txt
frame477.jpg,frame477.txt
frame48.jpg,frame48.txt
frame49.jpg,frame49.txt
frame50.jpg,frame50.txt
frame51.jpg,frame51.txt
frame52.jpg,frame52.txt
frame543.jpg,frame543.txt
frame545.jpg,frame545.txt
frame561.jpg,frame561.txt
frame562.jpg,frame562.txt
frame563.jpg,frame563.txt
frame565.jpg,frame565.txt
frame566.jpg,frame566.txt
frame567.jpg,frame567.txt
frame568.jpg,frame568.txt
frame569.jpg,frame569.txt
frame570.jpg,frame570.txt
frame571.jpg,frame571.txt
frame572.jpg,frame572.txt
frame577.jpg,frame577.txt
frame578.jpg,frame578.txt
frame612.jpg,frame612.txt
frame613.jpg,frame613.txt
frame614.jpg,frame614.txt
frame615.jpg,frame615.txt
frame616.jpg,frame616.txt
frame617.jpg,frame617.txt
frame636.jpg,frame636.txt
frame637.jpg,frame637.txt
frame654.jpg,frame654.txt
frame655.jpg,frame655.txt
frame656.jpg,frame656.txt
frame658.jpg,frame658.txt
frame659.jpg,frame659.txt
frame660.jpg,frame660.txt
frame661.jpg,frame661.txt
frame662.jpg,frame662.txt
frame684.jpg,frame684.txt
frame687.jpg,frame687.txt
frame691.jpg,frame691.txt
frame692.jpg,frame692.txt
frame696.jpg,frame696.txt
frame697.jpg,frame697.txt
frame698.jpg,frame698.txt
frame699.jpg,frame699.txt
frame700.jpg,frame700.txt
frame701.jpg,frame701.txt
frame702.jpg,frame702.txt
frame703.jpg,frame703.txt
frame704.jpg,frame704.txt
frame717.jpg,frame717.txt
frame718.jpg,frame718.txt
frame814.jpg,frame814.txt
frame815.jpg,frame815.txt
frame816.jpg,frame816.txt
frame829.jpg,frame829.txt
frame833.jpg,frame833.txt
frame88.jpg,frame88.txt
frame89.jpg,frame89.txt
frame90.jpg,frame90.txt
frame91.jpg,frame91.txt
frame92.jpg,frame92.txt
frame93.jpg,frame93.txt
frame97.jpg,frame97.txt
frame99.jpg,frame99.txt
IMG_0539.jpg,IMG_0539.txt
IMG_0607.jpg,IMG_0607.txt
IMG_1448.jpg,IMG_1448.txt
IMG_1537.jpg,IMG_1537.txt
IMG_1706.jpg,IMG_1706.txt
IMG_1716.jpg,IMG_1716.txt
IMG_1722.jpg,IMG_1722.txt
IMG_1723.jpg,IMG_1723.txt
IMG_1724.jpg,IMG_1724.txt
IMG_1756.jpg,IMG_1756.txt
IMG_2289.jpg,IMG_2289.txt
IMG_3112.jpg,IMG_3112.txt
IMG_4663.jpg,IMG_4663.txt
IMG_6168.jpg,IMG_6168.txt
IMG_6772.jpg,IMG_6772.txt
IMG_6817.jpg,IMG_6817.txt
IMG_7020.jpg,IMG_7020.txt
IMG_7442.jpg,IMG_7442.txt
IMG_7528.jpg,IMG_7528.txt
IMG_7565.jpg,IMG_7565.txt
IMG_7599.jpg,IMG_7599.txt
